subject_idx,ECG_PCC,ECG_RMSE,BP_SBP_MAE,BP_DBP_MAE,BP_PCC,ICG_PCC,Flow_PCC,Resp_RPM_Error,Resp_PCC
0,-0.004274392591764194,0.9578749489139866,2.433572656399495,1.2557788587905265,-0.022602822246955003,-0.0432599381098486,-0.01343836537641953,0.0,-0.0027011639180568024
1,0.00032152086997585784,1.0192700376113255,2.9687794711854725,1.447638839483261,-0.005172599069838826,-0.03698639330428301,0.0014051365918324639,0.0,-0.0074780261784326285
2,0.008339938219554218,0.9993331813149982,2.400791817241245,1.2119986514250438,0.0006860542687516297,-0.008552972621853568,0.0008328340287941197,0.0,0.0051089827158850515
