metric,cast_mean,cast_std,base_mean,base_std,t_stat,p_value,p<0.05,CAST_better
ECG_PCC,0.0014097247828239224,0.02526360775868618,0.0,0.0,0.5798969739863508,0.5631919259514765,False,True
ECG_RMSE,0.9918448531299556,0.13098932686630008,0.98841831224774,0.13142565920507362,37.57107684265772,7.792030245220606e-64,True,False
BP_SBP_MAE,2.599511510735258,0.7542124933980796,2.484289126658658,0.7542347933993726,4028.29153505131,2.167177560292379e-281,True,False
BP_DBP_MAE,1.3046859398894353,0.5382351065295881,1.4361032570173982,0.5386380019846929,-1266.6966789898438,3.970976299196835e-227,True,True
BP_PCC,-0.0091543122566649,0.0247013151260946,0.0,0.0,-3.8513902250032097,0.000199511657581585,True,False
ICG_PCC,-0.029725090673443255,0.04199809827413924,0.0,0.0,-7.3553855181625885,3.9021810832935576e-11,True,False
Flow_PCC,-0.003822500702614363,0.030311983751896816,0.0,0.0,-1.3105243424026654,0.19279866710889237,False,False
Resp_RPM_Error,0.0,0.0,0.0,0.0,,,False,False
Resp_PCC,-0.0016993452258698574,0.02421587141724171,0.0,0.0,-0.7292784686766716,0.46740998940302125,False,False
