metric,cast_mean,cast_std,base_mean,base_std,t_stat,p_value,p<0.05,CAST_better
ECG_PCC,0.0014623554992552938,0.005212578580885959,0.0,0.0,0.39674854737752696,0.7298847767371952,False,True
ECG_RMSE,0.9921593892801034,0.025572598592483932,0.9887339326294812,0.02565510726583817,57.5331704393076,0.00030197197131227405,True,False
BP_SBP_MAE,2.6010479816087373,0.26036958625989465,2.485825497556377,0.26039324447732876,5179.950232953398,3.7269091078252994e-08,True,False
BP_DBP_MAE,1.3051387832329437,0.10233564436939477,1.4365581328774597,0.10227629571955127,-941.3758861873297,1.1284261087532015e-06,True,True
BP_PCC,-0.009029789016014067,0.00989111985744838,0.0,0.0,-1.2910621118596977,0.3257808640905957,False,False
ICG_PCC,-0.02959976801199506,0.015101104556791435,0.0,0.0,-2.7720087102393314,0.10922816625521266,False,False
Flow_PCC,-0.0037334649185976486,0.0068663771247089046,0.0,0.0,-0.7689523349256463,0.5223150002798892,False,False
Resp_RPM_Error,0.0,0.0,0.0,0.0,,,False,False
Resp_PCC,-0.0016900691268681262,0.005188123150297852,0.0,0.0,-0.4606904291444473,0.6902627098676342,False,False
