Lead,Temporal_Mean,Temporal_Std,Spectral_Mean,Spectral_Std
I,0.5700968411951916,0.18101893686562512,0.7349587260681023,0.18122224855777613
II,0.6300081008972213,0.1940630683762242,0.7213465536016536,0.2216085869080784
III,0.5222428507589709,0.2536990742662895,0.7314443645954164,0.1513055098651968
aVR,0.6162201045770105,0.18593039642522152,0.8117095066966695,0.0927581787601714
aVL,0.5424309340518707,0.19560108674295743,0.7397998693570599,0.17341428591857752
aVF,0.6146312800464407,0.20503322701451782,0.7380068406034284,0.1986831574806228
