Lead,Temporal_Mean,Temporal_Std,Spectral_Mean,Spectral_Std
I,0.6433472396454939,0.17187887238495675,0.9043357404387253,0.04802169530441477
II,0.7396771527693943,0.19223541111532516,0.9064273700284811,0.0539913510347718
III,0.5403350703122556,0.1524780396530865,0.7493214383024539,0.06491185168204
aVR,0.7175979615106872,0.18906920455704077,0.9141293914668286,0.05099208233651264
aVL,0.5323358583629124,0.15651628994740244,0.8651290577064265,0.04517852465118904
aVF,0.6990201985828347,0.16871206016484636,0.8618722270173242,0.05354465833117707
