Lead,Temporal_Mean,Temporal_Std,Spectral_Mean,Spectral_Std
I,0.682534369699482,0.11111811208579175,0.8768016949551825,0.05063761265461024
II,0.7627765165361329,0.11358752086441001,0.8820294062490447,0.0538140938538095
III,0.6032460623582798,0.12757273826094143,0.7985321016403253,0.05153615102105481
aVR,0.736994316228842,0.10208646864360638,0.8997241264913532,0.05171594271954525
aVL,0.5837517696319892,0.12487815213028915,0.8612529869141655,0.04458032770842756
aVF,0.7507393635416343,0.11535380988540583,0.8580548898028516,0.05398241967614287
